"name","version","license","declared_license","license_files","stage_path"
"@borewit/text-codec","0.2.2","MIT","MIT","LICENSE.txt","gateway/node_modules/@borewit/text-codec"
"@fast-csv/format","4.3.5","MIT","MIT","LICENSE","gateway/node_modules/@fast-csv/format"
"@fast-csv/parse","4.3.6","MIT","MIT","LICENSE","gateway/node_modules/@fast-csv/parse"
"@hono/node-server","1.19.17","MIT","MIT","LICENSE","gateway/node_modules/@hono/node-server"
"@img/colour","1.1.0","MIT","MIT","LICENSE.md","gateway/node_modules/@img/colour"
"@img/sharp-win32-x64","0.35.4","Apache-2.0 AND LGPL-3.0-or-later","Apache-2.0 AND LGPL-3.0-or-later","LICENSE","gateway/node_modules/@img/sharp-win32-x64"
"@isaacs/cliui","8.0.2","ISC","ISC","LICENSE.txt","gateway/node_modules/@isaacs/cliui"
"@modelcontextprotocol/client","2.0.0","MIT","MIT","LICENSE","gateway/node_modules/@modelcontextprotocol/client"
"@modelcontextprotocol/core","2.0.0","MIT","MIT","LICENSE","gateway/node_modules/@modelcontextprotocol/core"
"@modelcontextprotocol/node","2.0.0","MIT","MIT","LICENSE","gateway/node_modules/@modelcontextprotocol/node"
"@modelcontextprotocol/sdk","1.30.0","MIT","MIT","LICENSE","gateway/node_modules/@modelcontextprotocol/sdk"
"@modelcontextprotocol/server","2.0.0","MIT","MIT","LICENSE","gateway/node_modules/@modelcontextprotocol/server"
"@opendocsg/pdf2md","0.2.9","MIT","MIT","LICENSE","gateway/node_modules/@opendocsg/pdf2md"
"@pdf-lib/standard-fonts","1.0.0","MIT","MIT","LICENSE.md","gateway/node_modules/@pdf-lib/standard-fonts"
"@pdf-lib/upng","1.0.1","MIT","MIT","LICENSE","gateway/node_modules/@pdf-lib/upng"
"@pkgjs/parseargs","0.11.0","MIT","MIT","LICENSE","gateway/node_modules/@pkgjs/parseargs"
"@puppeteer/browsers","3.2.1","Apache-2.0","Apache-2.0","","gateway/node_modules/@puppeteer/browsers"
"@samverschueren/stream-to-observable","0.3.1","MIT","MIT","license","gateway/node_modules/@samverschueren/stream-to-observable"
"@supabase/auth-js","2.112.4","MIT","MIT","LICENSE","gateway/node_modules/@supabase/auth-js"
"@supabase/functions-js","2.112.4","MIT","MIT","LICENSE","gateway/node_modules/@supabase/functions-js"
"@supabase/phoenix","0.4.5","MIT","MIT","LICENSE.md","gateway/node_modules/@supabase/phoenix"
"@supabase/postgrest-js","2.112.4","MIT","MIT","LICENSE","gateway/node_modules/@supabase/postgrest-js"
"@supabase/realtime-js","2.112.4","MIT","MIT","LICENSE","gateway/node_modules/@supabase/realtime-js"
"@supabase/storage-js","2.112.4","MIT","MIT","LICENSE","gateway/node_modules/@supabase/storage-js"
"@supabase/supabase-js","2.112.4","MIT","MIT","LICENSE","gateway/node_modules/@supabase/supabase-js"
"@tiptap/core","3.30.5","MIT","MIT","LICENSE.md","gateway/node_modules/@tiptap/core"
"@tiptap/extension-blockquote","3.30.5","MIT","MIT","LICENSE.md","gateway/node_modules/@tiptap/extension-blockquote"
"@tiptap/extension-bold","3.30.5","MIT","MIT","LICENSE.md","gateway/node_modules/@tiptap/extension-bold"
"@tiptap/extension-bullet-list","3.30.5","MIT","MIT","LICENSE.md","gateway/node_modules/@tiptap/extension-bullet-list"
"@tiptap/extension-code","3.30.5","MIT","MIT","LICENSE.md","gateway/node_modules/@tiptap/extension-code"
"@tiptap/extension-code-block","3.30.5","MIT","MIT","LICENSE.md","gateway/node_modules/@tiptap/extension-code-block"
"@tiptap/extension-document","3.30.5","MIT","MIT","LICENSE.md","gateway/node_modules/@tiptap/extension-document"
"@tiptap/extension-dropcursor","3.30.5","MIT","MIT","LICENSE.md","gateway/node_modules/@tiptap/extension-dropcursor"
"@tiptap/extension-gapcursor","3.30.5","MIT","MIT","LICENSE.md","gateway/node_modules/@tiptap/extension-gapcursor"
"@tiptap/extension-hard-break","3.30.5","MIT","MIT","LICENSE.md","gateway/node_modules/@tiptap/extension-hard-break"
"@tiptap/extension-heading","3.30.5","MIT","MIT","LICENSE.md","gateway/node_modules/@tiptap/extension-heading"
"@tiptap/extension-horizontal-rule","3.30.5","MIT","MIT","LICENSE.md","gateway/node_modules/@tiptap/extension-horizontal-rule"
"@tiptap/extension-image","3.30.5","MIT","MIT","LICENSE.md","gateway/node_modules/@tiptap/extension-image"
"@tiptap/extension-italic","3.30.5","MIT","MIT","LICENSE.md","gateway/node_modules/@tiptap/extension-italic"
"@tiptap/extension-link","3.30.5","MIT","MIT","LICENSE.md","gateway/node_modules/@tiptap/extension-link"
"@tiptap/extension-list","3.30.5","MIT","MIT","LICENSE.md","gateway/node_modules/@tiptap/extension-list"
"@tiptap/extension-list-item","3.30.5","MIT","MIT","LICENSE.md","gateway/node_modules/@tiptap/extension-list-item"
"@tiptap/extension-list-keymap","3.30.5","MIT","MIT","LICENSE.md","gateway/node_modules/@tiptap/extension-list-keymap"
"@tiptap/extension-ordered-list","3.30.5","MIT","MIT","LICENSE.md","gateway/node_modules/@tiptap/extension-ordered-list"
"@tiptap/extension-paragraph","3.30.5","MIT","MIT","LICENSE.md","gateway/node_modules/@tiptap/extension-paragraph"
"@tiptap/extension-strike","3.30.5","MIT","MIT","LICENSE.md","gateway/node_modules/@tiptap/extension-strike"
"@tiptap/extension-table","3.30.5","MIT","MIT","LICENSE.md","gateway/node_modules/@tiptap/extension-table"
"@tiptap/extension-table-cell","3.30.5","MIT","MIT","LICENSE.md","gateway/node_modules/@tiptap/extension-table-cell"
"@tiptap/extension-table-header","3.30.5","MIT","MIT","LICENSE.md","gateway/node_modules/@tiptap/extension-table-header"
"@tiptap/extension-table-row","3.30.5","MIT","MIT","LICENSE.md","gateway/node_modules/@tiptap/extension-table-row"
"@tiptap/extension-text","3.30.5","MIT","MIT","LICENSE.md","gateway/node_modules/@tiptap/extension-text"
"@tiptap/extension-underline","3.30.5","MIT","MIT","LICENSE.md","gateway/node_modules/@tiptap/extension-underline"
"@tiptap/extensions","3.30.5","MIT","MIT","LICENSE.md","gateway/node_modules/@tiptap/extensions"
"@tiptap/pm","3.30.5","MIT","MIT","LICENSE","gateway/node_modules/@tiptap/pm"
"@tiptap/starter-kit","3.30.5","MIT","MIT","LICENSE.md","gateway/node_modules/@tiptap/starter-kit"
"@tokenizer/inflate","0.4.1","MIT","MIT","LICENSE","gateway/node_modules/@tokenizer/inflate"
"@tokenizer/token","0.3.0","MIT","MIT","","gateway/node_modules/@tokenizer/token"
"@types/debug","4.1.13","MIT","MIT","LICENSE","gateway/node_modules/@types/debug"
"@types/linkify-it","3.0.5","MIT","MIT","LICENSE","gateway/node_modules/@types/linkify-it"
"@types/linkify-it","5.0.0","MIT","MIT","LICENSE","gateway/node_modules/prosemirror-markdown/node_modules/@types/linkify-it"
"@types/markdown-it","13.0.9","MIT","MIT","LICENSE","gateway/node_modules/@types/markdown-it"
"@types/markdown-it","14.2.0","MIT","MIT","LICENSE","gateway/node_modules/prosemirror-markdown/node_modules/@types/markdown-it"
"@types/mdast","4.0.4","MIT","MIT","LICENSE","gateway/node_modules/@types/mdast"
"@types/mdurl","1.0.5","MIT","MIT","LICENSE","gateway/node_modules/@types/mdurl"
"@types/mdurl","2.0.0","MIT","MIT","LICENSE","gateway/node_modules/prosemirror-markdown/node_modules/@types/mdurl"
"@types/ms","2.1.0","MIT","MIT","LICENSE","gateway/node_modules/@types/ms"
"@types/node","14.18.63","MIT","MIT","LICENSE","gateway/node_modules/@fast-csv/format/node_modules/@types/node"
"@types/unist","3.0.3","MIT","MIT","LICENSE","gateway/node_modules/@types/unist"
"@vscode/ripgrep","1.18.0","MIT","MIT","LICENSE","gateway/node_modules/@vscode/ripgrep"
"@vscode/ripgrep-win32-x64","1.18.0","MIT","MIT","LICENSE","gateway/node_modules/@vscode/ripgrep-win32-x64"
"@wonderwhy-er/desktop-commander","0.2.47","MIT","MIT","LICENSE","gateway/node_modules/@wonderwhy-er/desktop-commander"
"accepts","2.0.0","MIT","MIT","LICENSE","gateway/node_modules/accepts"
"ajv","8.20.0","MIT","MIT","LICENSE","gateway/node_modules/ajv"
"ajv-formats","3.0.1","MIT","MIT","LICENSE","gateway/node_modules/ajv-formats"
"ansi-escapes","3.2.0","MIT","MIT","license","gateway/node_modules/ansi-escapes"
"ansi-regex","2.1.1","MIT","MIT","license","gateway/node_modules/has-ansi/node_modules/ansi-regex"
"ansi-regex","3.0.1","MIT","MIT","license","gateway/node_modules/log-update/node_modules/ansi-regex"
"ansi-regex","5.0.1","MIT","MIT","license","gateway/node_modules/string-width-cjs/node_modules/ansi-regex"
"ansi-regex","6.3.0","MIT","MIT","license","gateway/node_modules/ansi-regex"
"ansi-styles","2.2.1","MIT","MIT","license","gateway/node_modules/listr-update-renderer/node_modules/ansi-styles"
"ansi-styles","3.2.1","MIT","MIT","license","gateway/node_modules/listr-verbose-renderer/node_modules/ansi-styles"
"ansi-styles","4.3.0","MIT","MIT","license","gateway/node_modules/ansi-styles"
"ansi-styles","6.2.3","MIT","MIT","license","gateway/node_modules/wrap-ansi/node_modules/ansi-styles"
"any-observable","0.3.0","MIT","MIT","license","gateway/node_modules/any-observable"
"anymatch","3.1.3","ISC","ISC","LICENSE","gateway/node_modules/anymatch"
"archiver","5.3.2","MIT","MIT","LICENSE","gateway/node_modules/archiver"
"archiver-utils","2.1.0","MIT","MIT","LICENSE","gateway/node_modules/archiver-utils"
"archiver-utils","3.0.4","MIT","MIT","LICENSE","gateway/node_modules/zip-stream/node_modules/archiver-utils"
"arg","5.0.2","MIT","MIT","LICENSE.md","gateway/node_modules/arg"
"argparse","1.0.10","MIT","MIT","LICENSE","gateway/node_modules/js-yaml/node_modules/argparse"
"argparse","2.0.1","Python-2.0","Python-2.0","LICENSE","gateway/node_modules/argparse"
"async","3.2.6","MIT","MIT","LICENSE","gateway/node_modules/async"
"bail","2.0.2","MIT","MIT","license","gateway/node_modules/bail"
"balanced-match","1.0.2","MIT","MIT","LICENSE.md","gateway/node_modules/balanced-match"
"base64-js","1.5.1","MIT","MIT","LICENSE","gateway/node_modules/base64-js"
"big-integer","1.6.52","Unlicense","Unlicense","LICENSE","gateway/node_modules/big-integer"
"binary","0.3.0","MIT","MIT","","gateway/node_modules/binary"
"binary-extensions","2.3.0","MIT","MIT","license","gateway/node_modules/binary-extensions"
"bl","4.1.0","MIT","MIT","LICENSE.md","gateway/node_modules/bl"
"bluebird","3.4.7","MIT","MIT","LICENSE","gateway/node_modules/bluebird"
"body-parser","2.3.0","MIT","MIT","LICENSE","gateway/node_modules/body-parser"
"brace-expansion","1.1.18","MIT","MIT","LICENSE","gateway/node_modules/archiver-utils/node_modules/brace-expansion"
"brace-expansion","2.1.4","MIT","MIT","LICENSE","gateway/node_modules/brace-expansion"
"braces","3.0.3","MIT","MIT","LICENSE","gateway/node_modules/braces"
"buffer","5.7.1","MIT","MIT","LICENSE","gateway/node_modules/buffer"
"buffer-crc32","0.2.13","MIT","MIT","LICENSE","gateway/node_modules/buffer-crc32"
"buffer-indexof-polyfill","1.0.2","MIT","MIT","LICENSE","gateway/node_modules/buffer-indexof-polyfill"
"buffers","0.1.1","MIT (manual resolution)","","","gateway/node_modules/buffers"
"bundle-name","4.1.0","MIT","MIT","license","gateway/node_modules/bundle-name"
"bytes","3.0.0","MIT","MIT","LICENSE","gateway/node_modules/serve-handler/node_modules/bytes"
"bytes","3.1.2","MIT","MIT","LICENSE","gateway/node_modules/bytes"
"caffeinate","1.0.1","MIT","MIT","","gateway/node_modules/caffeinate"
"call-bind-apply-helpers","1.0.2","MIT","MIT","LICENSE","gateway/node_modules/call-bind-apply-helpers"
"call-bound","1.0.4","MIT","MIT","LICENSE","gateway/node_modules/call-bound"
"ccount","2.0.1","MIT","MIT","license","gateway/node_modules/ccount"
"chainsaw","0.1.0","MIT/X11","MIT/X11","","gateway/node_modules/chainsaw"
"chalk","1.1.3","MIT","MIT","license","gateway/node_modules/listr-update-renderer/node_modules/chalk"
"chalk","2.4.2","MIT","MIT","license","gateway/node_modules/listr-verbose-renderer/node_modules/chalk"
"chalk","4.1.2","MIT","MIT","license","gateway/node_modules/chalk"
"character-entities","2.0.2","MIT","MIT","license","gateway/node_modules/character-entities"
"chokidar","3.6.0","MIT","MIT","LICENSE","gateway/node_modules/chokidar"
"chromium-bidi","17.0.2","Apache-2.0","Apache-2.0","LICENSE","gateway/node_modules/chromium-bidi"
"cli-cursor","2.1.0","MIT","MIT","license","gateway/node_modules/cli-cursor"
"cli-truncate","0.2.1","MIT","MIT","license","gateway/node_modules/cli-truncate"
"cliui","9.0.1","ISC","ISC","LICENSE.txt","gateway/node_modules/cliui"
"code-point-at","1.1.0","MIT","MIT","license","gateway/node_modules/code-point-at"
"color-convert","1.9.3","MIT","MIT","LICENSE","gateway/node_modules/listr-verbose-renderer/node_modules/color-convert"
"color-convert","2.0.1","MIT","MIT","LICENSE","gateway/node_modules/color-convert"
"color-name","1.1.3","MIT","MIT","LICENSE","gateway/node_modules/listr-verbose-renderer/node_modules/color-name"
"color-name","1.1.4","MIT","MIT","LICENSE","gateway/node_modules/color-name"
"compress-commons","4.1.2","MIT","MIT","LICENSE","gateway/node_modules/compress-commons"
"concat-map","0.0.1","MIT","MIT","LICENSE","gateway/node_modules/concat-map"
"content-disposition","0.5.2","MIT","MIT","LICENSE","gateway/node_modules/serve-handler/node_modules/content-disposition"
"content-disposition","1.1.0","MIT","MIT","LICENSE","gateway/node_modules/content-disposition"
"content-type","1.0.5","MIT","MIT","LICENSE","gateway/node_modules/content-type"
"content-type","2.1.0","MIT","MIT","LICENSE","gateway/node_modules/negotiator/node_modules/content-type"
"cookie","0.7.2","MIT","MIT","LICENSE","gateway/node_modules/cookie"
"cookie-signature","1.2.2","MIT","MIT","LICENSE","gateway/node_modules/cookie-signature"
"core-util-is","1.0.3","MIT","MIT","LICENSE","gateway/node_modules/core-util-is"
"cors","2.8.6","MIT","MIT","LICENSE","gateway/node_modules/cors"
"crc-32","1.2.2","Apache-2.0","Apache-2.0","LICENSE","gateway/node_modules/crc-32"
"crc32-stream","4.0.3","MIT","MIT","LICENSE","gateway/node_modules/crc32-stream"
"cross-fetch","4.1.0","MIT","MIT","LICENSE","gateway/node_modules/cross-fetch"
"cross-spawn","7.0.6","MIT","MIT","LICENSE","gateway/node_modules/cross-spawn"
"date-fns","1.30.1","MIT","MIT","LICENSE.md","gateway/node_modules/date-fns"
"dayjs","1.11.23","MIT","MIT","LICENSE","gateway/node_modules/dayjs"
"debug","4.4.3","MIT","MIT","LICENSE","gateway/node_modules/debug"
"decode-named-character-reference","1.3.0","MIT","MIT","license","gateway/node_modules/decode-named-character-reference"
"default-browser","5.5.1","MIT","MIT","license","gateway/node_modules/default-browser"
"default-browser-id","5.0.1","MIT","MIT","license","gateway/node_modules/default-browser-id"
"define-lazy-prop","3.0.0","MIT","MIT","license","gateway/node_modules/define-lazy-prop"
"depd","2.0.0","MIT","MIT","LICENSE","gateway/node_modules/depd"
"dequal","2.0.3","MIT","MIT","license","gateway/node_modules/dequal"
"detect-libc","2.1.2","Apache-2.0","Apache-2.0","LICENSE","gateway/node_modules/detect-libc"
"devlop","1.1.0","MIT","MIT","license","gateway/node_modules/devlop"
"devtools-protocol","0.0.1666840","BSD-3-Clause","BSD-3-Clause","LICENSE","gateway/node_modules/devtools-protocol"
"dunder-proto","1.0.1","MIT","MIT","LICENSE","gateway/node_modules/dunder-proto"
"duplexer2","0.1.4","BSD-3-Clause","BSD-3-Clause","LICENSE.md","gateway/node_modules/duplexer2"
"eastasianwidth","0.2.0","MIT","MIT","","gateway/node_modules/eastasianwidth"
"ee-first","1.1.1","MIT","MIT","LICENSE","gateway/node_modules/ee-first"
"elegant-spinner","1.0.1","MIT","MIT","license","gateway/node_modules/elegant-spinner"
"emoji-regex","10.6.0","MIT","MIT","","gateway/node_modules/cliui/node_modules/emoji-regex"
"emoji-regex","8.0.0","MIT","MIT","","gateway/node_modules/string-width-cjs/node_modules/emoji-regex"
"emoji-regex","9.2.2","MIT","MIT","","gateway/node_modules/emoji-regex"
"encodeurl","2.0.0","MIT","MIT","LICENSE","gateway/node_modules/encodeurl"
"end-of-stream","1.4.5","MIT","MIT","LICENSE","gateway/node_modules/end-of-stream"
"entities","4.5.0","BSD-2-Clause","BSD-2-Clause","LICENSE","gateway/node_modules/entities"
"enumify","1.0.4","MIT","MIT","","gateway/node_modules/enumify"
"es-define-property","1.0.1","MIT","MIT","LICENSE","gateway/node_modules/es-define-property"
"es-errors","1.3.0","MIT","MIT","LICENSE","gateway/node_modules/es-errors"
"es-object-atoms","1.1.2","MIT","MIT","LICENSE","gateway/node_modules/es-object-atoms"
"escalade","3.2.0","MIT","MIT","license","gateway/node_modules/escalade"
"escape-html","1.0.3","MIT","MIT","LICENSE","gateway/node_modules/escape-html"
"escape-string-regexp","1.0.5","MIT","MIT","license","gateway/node_modules/escape-string-regexp"
"escape-string-regexp","5.0.0","MIT","MIT","license","gateway/node_modules/mdast-util-find-and-replace/node_modules/escape-string-regexp"
"esprima","4.0.1","BSD-2-Clause","BSD-2-Clause","LICENSE.BSD","gateway/node_modules/esprima"
"etag","1.8.1","MIT","MIT","LICENSE","gateway/node_modules/etag"
"eventsource","3.0.7","MIT","MIT","LICENSE","gateway/node_modules/eventsource"
"eventsource-parser","3.1.1","MIT","MIT","LICENSE","gateway/node_modules/eventsource-parser"
"exceljs","4.4.0","MIT","MIT","LICENSE","gateway/node_modules/exceljs"
"express","5.2.1","MIT","MIT","LICENSE","gateway/node_modules/express"
"express-rate-limit","8.6.2","MIT","MIT","license.md","gateway/node_modules/express-rate-limit"
"extend","3.0.2","MIT","MIT","LICENSE","gateway/node_modules/extend"
"extend-shallow","2.0.1","MIT","MIT","LICENSE","gateway/node_modules/extend-shallow"
"fast-csv","4.3.6","MIT","MIT","LICENSE","gateway/node_modules/fast-csv"
"fast-deep-equal","3.1.3","MIT","MIT","LICENSE","gateway/node_modules/fast-deep-equal"
"fast-uri","3.1.6","BSD-3-Clause","BSD-3-Clause","LICENSE","gateway/node_modules/fast-uri"
"fastest-levenshtein","1.0.16","MIT","MIT","LICENSE.md","gateway/node_modules/fastest-levenshtein"
"figures","1.7.0","MIT","MIT","license","gateway/node_modules/figures"
"figures","2.0.0","MIT","MIT","license","gateway/node_modules/listr-verbose-renderer/node_modules/figures"
"file-type","21.3.4","MIT","MIT","license","gateway/node_modules/file-type"
"fill-range","7.1.1","MIT","MIT","LICENSE","gateway/node_modules/fill-range"
"finalhandler","2.1.1","MIT","MIT","LICENSE","gateway/node_modules/finalhandler"
"foreground-child","3.3.1","ISC","ISC","LICENSE","gateway/node_modules/foreground-child"
"forwarded","0.2.0","MIT","MIT","LICENSE","gateway/node_modules/forwarded"
"fresh","2.0.0","MIT","MIT","LICENSE","gateway/node_modules/fresh"
"fs-constants","1.0.0","MIT","MIT","LICENSE","gateway/node_modules/fs-constants"
"fs.realpath","1.0.0","ISC","ISC","LICENSE","gateway/node_modules/fs.realpath"
"fstream","1.0.12","ISC","ISC","LICENSE","gateway/node_modules/fstream"
"function-bind","1.1.2","MIT","MIT","LICENSE","gateway/node_modules/function-bind"
"get-caller-file","2.0.5","ISC","ISC","LICENSE.md","gateway/node_modules/get-caller-file"
"get-east-asian-width","1.6.0","MIT","MIT","license","gateway/node_modules/get-east-asian-width"
"get-intrinsic","1.3.0","MIT","MIT","LICENSE","gateway/node_modules/get-intrinsic"
"get-port","5.1.1","MIT","MIT","license","gateway/node_modules/get-port"
"get-proto","1.0.1","MIT","MIT","LICENSE","gateway/node_modules/get-proto"
"get-stdin","8.0.0","MIT","MIT","license","gateway/node_modules/get-stdin"
"glob","10.5.0","ISC","ISC","LICENSE","gateway/node_modules/glob"
"glob","7.2.3","ISC","ISC","LICENSE","gateway/node_modules/archiver-utils/node_modules/glob"
"glob-parent","5.1.2","ISC","ISC","LICENSE","gateway/node_modules/glob-parent"
"gopd","1.2.0","MIT","MIT","LICENSE","gateway/node_modules/gopd"
"graceful-fs","4.2.11","ISC","ISC","LICENSE","gateway/node_modules/graceful-fs"
"gray-matter","4.0.3","MIT","MIT","LICENSE","gateway/node_modules/gray-matter"
"has-ansi","2.0.0","MIT","MIT","license","gateway/node_modules/has-ansi"
"has-flag","3.0.0","MIT","MIT","license","gateway/node_modules/listr-verbose-renderer/node_modules/has-flag"
"has-flag","4.0.0","MIT","MIT","license","gateway/node_modules/has-flag"
"has-symbols","1.1.0","MIT","MIT","LICENSE","gateway/node_modules/has-symbols"
"hasown","2.0.4","MIT","MIT","LICENSE","gateway/node_modules/hasown"
"highlight.js","11.12.0","BSD-3-Clause","BSD-3-Clause","LICENSE","gateway/node_modules/highlight.js"
"hono","4.13.5","MIT","MIT","LICENSE","gateway/node_modules/hono"
"http-errors","2.0.1","MIT","MIT","LICENSE","gateway/node_modules/http-errors"
"iceberg-js","0.8.1","MIT","MIT","LICENSE","gateway/node_modules/iceberg-js"
"iconv-lite","0.6.3","MIT","MIT","LICENSE","gateway/node_modules/md-to-pdf/node_modules/iconv-lite"
"iconv-lite","0.7.3","MIT","MIT","LICENSE","gateway/node_modules/iconv-lite"
"ieee754","1.2.1","BSD-3-Clause","BSD-3-Clause","LICENSE","gateway/node_modules/ieee754"
"immediate","3.0.6","MIT","MIT","LICENSE.txt","gateway/node_modules/immediate"
"indent-string","3.2.0","MIT","MIT","license","gateway/node_modules/indent-string"
"inflight","1.0.6","ISC","ISC","LICENSE","gateway/node_modules/inflight"
"inherits","2.0.4","ISC","ISC","LICENSE","gateway/node_modules/inherits"
"ip-address","10.5.0","MIT","MIT","LICENSE","gateway/node_modules/ip-address"
"ipaddr.js","1.9.1","MIT","MIT","LICENSE","gateway/node_modules/ipaddr.js"
"is-binary-path","2.1.0","MIT","MIT","license","gateway/node_modules/is-binary-path"
"is-docker","3.0.0","MIT","MIT","license","gateway/node_modules/is-docker"
"is-extendable","0.1.1","MIT","MIT","LICENSE","gateway/node_modules/is-extendable"
"is-extglob","2.1.1","MIT","MIT","LICENSE","gateway/node_modules/is-extglob"
"is-fullwidth-code-point","1.0.0","MIT","MIT","license","gateway/node_modules/cli-truncate/node_modules/is-fullwidth-code-point"
"is-fullwidth-code-point","2.0.0","MIT","MIT","license","gateway/node_modules/log-update/node_modules/is-fullwidth-code-point"
"is-fullwidth-code-point","3.0.0","MIT","MIT","license","gateway/node_modules/is-fullwidth-code-point"
"is-glob","4.0.3","MIT","MIT","LICENSE","gateway/node_modules/is-glob"
"is-inside-container","1.0.0","MIT","MIT","license","gateway/node_modules/is-inside-container"
"is-number","7.0.0","MIT","MIT","LICENSE","gateway/node_modules/is-number"
"is-observable","1.1.0","MIT","MIT","license","gateway/node_modules/is-observable"
"is-plain-obj","4.1.0","MIT","MIT","license","gateway/node_modules/is-plain-obj"
"is-promise","2.2.2","MIT","MIT","LICENSE","gateway/node_modules/is-promise"
"is-promise","4.0.0","MIT","MIT","LICENSE","gateway/node_modules/router/node_modules/is-promise"
"is-stream","1.1.0","MIT","MIT","license","gateway/node_modules/is-stream"
"is-wsl","3.1.1","MIT","MIT","license","gateway/node_modules/is-wsl"
"isarray","1.0.0","MIT","MIT","","gateway/node_modules/isarray"
"isbinaryfile","5.0.7","MIT","MIT","LICENSE.txt","gateway/node_modules/isbinaryfile"
"isexe","2.0.0","ISC","ISC","LICENSE","gateway/node_modules/isexe"
"jackspeak","3.4.3","BlueOak-1.0.0","BlueOak-1.0.0","LICENSE.md","gateway/node_modules/jackspeak"
"jose","6.2.10","MIT","MIT","LICENSE.md","gateway/node_modules/jose"
"js-yaml","3.15.2","MIT","MIT","LICENSE","gateway/node_modules/js-yaml"
"json-schema-traverse","1.0.0","MIT","MIT","LICENSE","gateway/node_modules/json-schema-traverse"
"json-schema-typed","8.0.2","BSD-2-Clause","BSD-2-Clause","LICENSE.md","gateway/node_modules/json-schema-typed"
"jszip","3.10.1","(MIT OR GPL-3.0-or-later)","(MIT OR GPL-3.0-or-later)","LICENSE.markdown","gateway/node_modules/jszip"
"kind-of","6.0.3","MIT","MIT","LICENSE","gateway/node_modules/kind-of"
"lazystream","1.0.1","MIT","MIT","LICENSE","gateway/node_modules/lazystream"
"lie","3.3.0","MIT","MIT","license.md","gateway/node_modules/lie"
"lilconfig","3.1.3","MIT","MIT","LICENSE","gateway/node_modules/lilconfig"
"linkify-it","5.0.2","MIT","MIT","LICENSE","gateway/node_modules/linkify-it"
"linkifyjs","4.3.3","MIT","MIT","LICENSE","gateway/node_modules/linkifyjs"
"listenercount","1.0.1","ISC","ISC","LICENSE.md","gateway/node_modules/listenercount"
"listr","0.14.3","MIT","MIT","license","gateway/node_modules/listr"
"listr-silent-renderer","1.1.1","MIT","MIT","license","gateway/node_modules/listr-silent-renderer"
"listr-update-renderer","0.5.0","MIT","MIT","license","gateway/node_modules/listr-update-renderer"
"listr-verbose-renderer","0.5.0","MIT","MIT","license","gateway/node_modules/listr-verbose-renderer"
"lodash.defaults","4.2.0","MIT","MIT","LICENSE","gateway/node_modules/lodash.defaults"
"lodash.difference","4.5.0","MIT","MIT","LICENSE","gateway/node_modules/lodash.difference"
"lodash.escaperegexp","4.1.2","MIT","MIT","LICENSE","gateway/node_modules/lodash.escaperegexp"
"lodash.flatten","4.4.0","MIT","MIT","LICENSE","gateway/node_modules/lodash.flatten"
"lodash.groupby","4.6.0","MIT","MIT","LICENSE","gateway/node_modules/lodash.groupby"
"lodash.isboolean","3.0.3","MIT","MIT","LICENSE","gateway/node_modules/lodash.isboolean"
"lodash.isequal","4.5.0","MIT","MIT","LICENSE","gateway/node_modules/lodash.isequal"
"lodash.isfunction","3.0.9","MIT","MIT","LICENSE","gateway/node_modules/lodash.isfunction"
"lodash.isnil","4.0.0","MIT","MIT","LICENSE","gateway/node_modules/lodash.isnil"
"lodash.isplainobject","4.0.6","MIT","MIT","LICENSE","gateway/node_modules/lodash.isplainobject"
"lodash.isundefined","3.0.1","MIT","MIT","LICENSE.txt","gateway/node_modules/lodash.isundefined"
"lodash.union","4.6.0","MIT","MIT","LICENSE","gateway/node_modules/lodash.union"
"lodash.uniq","4.5.0","MIT","MIT","LICENSE","gateway/node_modules/lodash.uniq"
"log-symbols","1.0.2","MIT","MIT","license","gateway/node_modules/log-symbols"
"log-update","2.3.0","MIT","MIT","license","gateway/node_modules/log-update"
"longest-streak","3.1.0","MIT","MIT","license","gateway/node_modules/longest-streak"
"lru-cache","10.4.3","ISC","ISC","LICENSE","gateway/node_modules/lru-cache"
"markdown-it","14.3.1","MIT","MIT","LICENSE","gateway/node_modules/markdown-it"
"markdown-it-task-lists","2.1.1","ISC","ISC","LICENSE","gateway/node_modules/markdown-it-task-lists"
"markdown-table","3.0.4","MIT","MIT","license","gateway/node_modules/markdown-table"
"marked","4.3.0","MIT","MIT","LICENSE.md","gateway/node_modules/marked"
"math-intrinsics","1.1.0","MIT","MIT","LICENSE","gateway/node_modules/math-intrinsics"
"md-to-pdf","5.2.5","MIT","MIT","license","gateway/node_modules/md-to-pdf"
"mdast-util-find-and-replace","3.0.2","MIT","MIT","license","gateway/node_modules/mdast-util-find-and-replace"
"mdast-util-from-markdown","2.0.3","MIT","MIT","license","gateway/node_modules/mdast-util-from-markdown"
"mdast-util-gfm","3.1.0","MIT","MIT","license","gateway/node_modules/mdast-util-gfm"
"mdast-util-gfm-autolink-literal","2.0.1","MIT","MIT","license","gateway/node_modules/mdast-util-gfm-autolink-literal"
"mdast-util-gfm-footnote","2.1.0","MIT","MIT","license","gateway/node_modules/mdast-util-gfm-footnote"
"mdast-util-gfm-strikethrough","2.0.0","MIT","MIT","license","gateway/node_modules/mdast-util-gfm-strikethrough"
"mdast-util-gfm-table","2.0.0","MIT","MIT","license","gateway/node_modules/mdast-util-gfm-table"
"mdast-util-gfm-task-list-item","2.0.0","MIT","MIT","license","gateway/node_modules/mdast-util-gfm-task-list-item"
"mdast-util-phrasing","4.1.0","MIT","MIT","license","gateway/node_modules/mdast-util-phrasing"
"mdast-util-to-markdown","2.1.2","MIT","MIT","license","gateway/node_modules/mdast-util-to-markdown"
"mdast-util-to-string","4.0.0","MIT","MIT","license","gateway/node_modules/mdast-util-to-string"
"mdurl","2.1.0","MIT","MIT","LICENSE","gateway/node_modules/mdurl"
"media-typer","1.1.1","MIT","MIT","LICENSE","gateway/node_modules/media-typer"
"merge-descriptors","2.0.0","MIT","MIT","license","gateway/node_modules/merge-descriptors"
"micromark","4.0.2","MIT","MIT","license","gateway/node_modules/micromark"
"micromark-core-commonmark","2.0.3","MIT","MIT","license","gateway/node_modules/micromark-core-commonmark"
"micromark-extension-gfm","3.0.0","MIT","MIT","license","gateway/node_modules/micromark-extension-gfm"
"micromark-extension-gfm-autolink-literal","2.1.0","MIT","MIT","license","gateway/node_modules/micromark-extension-gfm-autolink-literal"
"micromark-extension-gfm-footnote","2.1.0","MIT","MIT","license","gateway/node_modules/micromark-extension-gfm-footnote"
"micromark-extension-gfm-strikethrough","2.1.0","MIT","MIT","license","gateway/node_modules/micromark-extension-gfm-strikethrough"
"micromark-extension-gfm-table","2.1.1","MIT","MIT","license","gateway/node_modules/micromark-extension-gfm-table"
"micromark-extension-gfm-tagfilter","2.0.0","MIT","MIT","license","gateway/node_modules/micromark-extension-gfm-tagfilter"
"micromark-extension-gfm-task-list-item","2.1.0","MIT","MIT","license","gateway/node_modules/micromark-extension-gfm-task-list-item"
"micromark-factory-destination","2.0.1","MIT","MIT","license","gateway/node_modules/micromark-factory-destination"
"micromark-factory-label","2.0.1","MIT","MIT","license","gateway/node_modules/micromark-factory-label"
"micromark-factory-space","2.0.1","MIT","MIT","license","gateway/node_modules/micromark-factory-space"
"micromark-factory-title","2.0.1","MIT","MIT","license","gateway/node_modules/micromark-factory-title"
"micromark-factory-whitespace","2.0.1","MIT","MIT","license","gateway/node_modules/micromark-factory-whitespace"
"micromark-util-character","2.1.1","MIT","MIT","license","gateway/node_modules/micromark-util-character"
"micromark-util-chunked","2.0.1","MIT","MIT","license","gateway/node_modules/micromark-util-chunked"
"micromark-util-classify-character","2.0.1","MIT","MIT","license","gateway/node_modules/micromark-util-classify-character"
"micromark-util-combine-extensions","2.0.1","MIT","MIT","license","gateway/node_modules/micromark-util-combine-extensions"
"micromark-util-decode-numeric-character-reference","2.0.2","MIT","MIT","license","gateway/node_modules/micromark-util-decode-numeric-character-reference"
"micromark-util-decode-string","2.0.1","MIT","MIT","license","gateway/node_modules/micromark-util-decode-string"
"micromark-util-encode","2.0.1","MIT","MIT","license","gateway/node_modules/micromark-util-encode"
"micromark-util-html-tag-name","2.0.1","MIT","MIT","license","gateway/node_modules/micromark-util-html-tag-name"
"micromark-util-normalize-identifier","2.0.1","MIT","MIT","license","gateway/node_modules/micromark-util-normalize-identifier"
"micromark-util-resolve-all","2.0.1","MIT","MIT","license","gateway/node_modules/micromark-util-resolve-all"
"micromark-util-sanitize-uri","2.0.1","MIT","MIT","license","gateway/node_modules/micromark-util-sanitize-uri"
"micromark-util-subtokenize","2.1.0","MIT","MIT","license","gateway/node_modules/micromark-util-subtokenize"
"micromark-util-symbol","2.0.1","MIT","MIT","license","gateway/node_modules/micromark-util-symbol"
"micromark-util-types","2.0.2","MIT","MIT","license","gateway/node_modules/micromark-util-types"
"mime-db","1.33.0","MIT","MIT","LICENSE","gateway/node_modules/serve-handler/node_modules/mime-db"
"mime-db","1.54.0","MIT","MIT","LICENSE","gateway/node_modules/mime-db"
"mime-types","2.1.18","MIT","MIT","LICENSE","gateway/node_modules/serve-handler/node_modules/mime-types"
"mime-types","3.0.2","MIT","MIT","LICENSE","gateway/node_modules/mime-types"
"mimic-fn","1.2.0","MIT","MIT","license","gateway/node_modules/mimic-fn"
"minimatch","3.1.5","ISC","ISC","LICENSE","gateway/node_modules/archiver-utils/node_modules/minimatch"
"minimatch","5.1.9","ISC","ISC","LICENSE","gateway/node_modules/readdir-glob/node_modules/minimatch"
"minimatch","9.0.9","ISC","ISC","LICENSE","gateway/node_modules/minimatch"
"minimist","1.2.8","MIT","MIT","LICENSE","gateway/node_modules/minimist"
"minipass","7.1.3","BlueOak-1.0.0","BlueOak-1.0.0","LICENSE.md","gateway/node_modules/minipass"
"mitt","3.0.1","MIT","MIT","LICENSE","gateway/node_modules/mitt"
"mkdirp","0.5.6","MIT","MIT","LICENSE","gateway/node_modules/mkdirp"
"modern-tar","0.8.4","MIT","MIT","LICENSE","gateway/node_modules/modern-tar"
"ms","2.1.3","MIT","MIT","license.md","gateway/node_modules/ms"
"negotiator","1.1.0","MIT","MIT","LICENSE","gateway/node_modules/negotiator"
"node-fetch","2.7.0","MIT","MIT","LICENSE.md","gateway/node_modules/node-fetch"
"normalize-path","3.0.0","MIT","MIT","LICENSE","gateway/node_modules/normalize-path"
"number-is-nan","1.0.1","MIT","MIT","license","gateway/node_modules/number-is-nan"
"object-assign","4.1.1","MIT","MIT","license","gateway/node_modules/object-assign"
"object-inspect","1.13.4","MIT","MIT","LICENSE","gateway/node_modules/object-inspect"
"on-finished","2.4.1","MIT","MIT","LICENSE","gateway/node_modules/on-finished"
"once","1.4.0","ISC","ISC","LICENSE","gateway/node_modules/once"
"onetime","2.0.1","MIT","MIT","license","gateway/node_modules/onetime"
"open","10.2.0","MIT","MIT","license","gateway/node_modules/open"
"options-to-args","0.0.1","MIT","MIT","","gateway/node_modules/options-to-args"
"orderedmap","2.1.1","MIT","MIT","LICENSE","gateway/node_modules/orderedmap"
"p-map","2.1.0","MIT","MIT","license","gateway/node_modules/p-map"
"package-json-from-dist","1.0.1","BlueOak-1.0.0","BlueOak-1.0.0","LICENSE.md","gateway/node_modules/package-json-from-dist"
"pako","1.0.11","(MIT AND Zlib)","(MIT AND Zlib)","LICENSE","gateway/node_modules/pako"
"pako","2.2.0","(MIT AND Zlib)","(MIT AND Zlib)","LICENSE","gateway/node_modules/pizzip/node_modules/pako"
"parseurl","1.3.3","MIT","MIT","LICENSE","gateway/node_modules/parseurl"
"path-is-absolute","1.0.1","MIT","MIT","license","gateway/node_modules/path-is-absolute"
"path-is-inside","1.0.2","(WTFPL OR MIT)","(WTFPL OR MIT)","LICENSE.txt","gateway/node_modules/path-is-inside"
"path-key","3.1.1","MIT","MIT","license","gateway/node_modules/path-key"
"path-scurry","1.11.1","BlueOak-1.0.0","BlueOak-1.0.0","LICENSE.md","gateway/node_modules/path-scurry"
"path-to-regexp","3.3.0","MIT","MIT","LICENSE","gateway/node_modules/serve-handler/node_modules/path-to-regexp"
"path-to-regexp","8.4.2","MIT","MIT","LICENSE","gateway/node_modules/path-to-regexp"
"pdf-lib","1.17.1","MIT","MIT","LICENSE.md","gateway/node_modules/pdf-lib"
"picomatch","2.3.2","MIT","MIT","LICENSE","gateway/node_modules/picomatch"
"pizzip","3.2.0","(MIT OR GPL-3.0)","(MIT OR GPL-3.0)","LICENSE.markdown","gateway/node_modules/pizzip"
"pkce-challenge","5.0.1","MIT","MIT","LICENSE","gateway/node_modules/pkce-challenge"
"process-nextick-args","2.0.1","MIT","MIT","license.md","gateway/node_modules/process-nextick-args"
"prosemirror-changeset","2.4.2","MIT","MIT","LICENSE","gateway/node_modules/prosemirror-changeset"
"prosemirror-commands","1.7.2","MIT","MIT","LICENSE","gateway/node_modules/prosemirror-commands"
"prosemirror-dropcursor","1.8.3","MIT","MIT","LICENSE","gateway/node_modules/prosemirror-dropcursor"
"prosemirror-gapcursor","1.4.1","MIT","MIT","LICENSE","gateway/node_modules/prosemirror-gapcursor"
"prosemirror-history","1.5.0","MIT","MIT","LICENSE","gateway/node_modules/prosemirror-history"
"prosemirror-inputrules","1.5.1","MIT","MIT","LICENSE","gateway/node_modules/prosemirror-inputrules"
"prosemirror-keymap","1.2.3","MIT","MIT","LICENSE","gateway/node_modules/prosemirror-keymap"
"prosemirror-markdown","1.13.6","MIT","MIT","LICENSE","gateway/node_modules/prosemirror-markdown"
"prosemirror-model","1.25.11","MIT","MIT","LICENSE","gateway/node_modules/prosemirror-model"
"prosemirror-schema-list","1.5.1","MIT","MIT","LICENSE","gateway/node_modules/prosemirror-schema-list"
"prosemirror-state","1.4.4","MIT","MIT","LICENSE","gateway/node_modules/prosemirror-state"
"prosemirror-tables","1.8.5","MIT","MIT","LICENSE","gateway/node_modules/prosemirror-tables"
"prosemirror-transform","1.12.0","MIT","MIT","LICENSE","gateway/node_modules/prosemirror-transform"
"prosemirror-view","1.42.3","MIT","MIT","LICENSE","gateway/node_modules/prosemirror-view"
"protostar","0.0.1","MIT","MIT","","gateway/node_modules/protostar"
"proxy-addr","2.0.7","MIT","MIT","LICENSE","gateway/node_modules/proxy-addr"
"punycode.js","2.3.1","MIT","MIT","","gateway/node_modules/punycode.js"
"puppeteer","25.9.0","Apache-2.0","Apache-2.0","","gateway/node_modules/puppeteer"
"puppeteer-core","25.9.0","Apache-2.0","Apache-2.0","","gateway/node_modules/puppeteer-core"
"qs","6.15.3","BSD-3-Clause","BSD-3-Clause","LICENSE.md","gateway/node_modules/qs"
"range-parser","1.2.0","MIT","MIT","LICENSE","gateway/node_modules/serve-handler/node_modules/range-parser"
"range-parser","1.3.0","MIT","MIT","LICENSE","gateway/node_modules/range-parser"
"raw-body","3.0.2","MIT","MIT","LICENSE","gateway/node_modules/raw-body"
"readable-stream","2.3.8","MIT","MIT","LICENSE","gateway/node_modules/lazystream/node_modules/readable-stream"
"readable-stream","3.6.2","MIT","MIT","LICENSE","gateway/node_modules/readable-stream"
"readdir-glob","1.1.3","Apache-2.0","Apache-2.0","LICENSE","gateway/node_modules/readdir-glob"
"readdirp","3.6.0","MIT","MIT","LICENSE","gateway/node_modules/readdirp"
"remark","15.0.1","MIT","MIT","license","gateway/node_modules/remark"
"remark-gfm","4.0.1","MIT","MIT","license","gateway/node_modules/remark-gfm"
"remark-parse","11.0.0","MIT","MIT","license","gateway/node_modules/remark-parse"
"remark-stringify","11.0.0","MIT","MIT","license","gateway/node_modules/remark-stringify"
"require-from-string","2.0.2","MIT","MIT","license","gateway/node_modules/require-from-string"
"restore-cursor","2.0.0","MIT","MIT","license","gateway/node_modules/restore-cursor"
"rimraf","2.7.1","ISC","ISC","LICENSE","gateway/node_modules/rimraf"
"rope-sequence","1.3.4","MIT","MIT","LICENSE","gateway/node_modules/rope-sequence"
"router","2.2.0","MIT","MIT","LICENSE","gateway/node_modules/router"
"run-applescript","7.1.0","MIT","MIT","license","gateway/node_modules/run-applescript"
"rxjs","6.6.7","Apache-2.0","Apache-2.0","LICENSE.txt","gateway/node_modules/rxjs"
"safe-buffer","5.1.2","MIT","MIT","LICENSE","gateway/node_modules/lazystream/node_modules/safe-buffer"
"safe-buffer","5.2.1","MIT","MIT","LICENSE","gateway/node_modules/safe-buffer"
"safer-buffer","2.1.2","MIT","MIT","LICENSE","gateway/node_modules/safer-buffer"
"saxes","5.0.1","ISC","ISC","","gateway/node_modules/saxes"
"section-matter","1.0.0","MIT","MIT","LICENSE","gateway/node_modules/section-matter"
"semver","7.8.5","ISC","ISC","LICENSE","gateway/node_modules/semver"
"send","1.2.1","MIT","MIT","LICENSE","gateway/node_modules/send"
"serve-handler","6.1.7","MIT","MIT","LICENSE","gateway/node_modules/serve-handler"
"serve-static","2.2.1","MIT","MIT","LICENSE","gateway/node_modules/serve-static"
"setimmediate","1.0.5","MIT","MIT","LICENSE.txt","gateway/node_modules/setimmediate"
"setprototypeof","1.2.0","ISC","ISC","LICENSE","gateway/node_modules/setprototypeof"
"sharp","0.35.4","Apache-2.0","Apache-2.0","LICENSE","gateway/node_modules/sharp"
"shebang-command","2.0.0","MIT","MIT","license","gateway/node_modules/shebang-command"
"shebang-regex","3.0.0","MIT","MIT","license","gateway/node_modules/shebang-regex"
"side-channel","1.1.1","MIT","MIT","LICENSE","gateway/node_modules/side-channel"
"side-channel-list","1.0.1","MIT","MIT","LICENSE","gateway/node_modules/side-channel-list"
"side-channel-map","1.0.1","MIT","MIT","LICENSE","gateway/node_modules/side-channel-map"
"side-channel-weakmap","1.0.2","MIT","MIT","LICENSE","gateway/node_modules/side-channel-weakmap"
"signal-exit","3.0.7","ISC","ISC","LICENSE.txt","gateway/node_modules/restore-cursor/node_modules/signal-exit"
"signal-exit","4.1.0","ISC","ISC","LICENSE.txt","gateway/node_modules/signal-exit"
"slice-ansi","0.0.4","MIT","MIT","license","gateway/node_modules/slice-ansi"
"sprintf-js","1.0.3","BSD-3-Clause","BSD-3-Clause","LICENSE","gateway/node_modules/sprintf-js"
"statuses","2.0.2","MIT","MIT","LICENSE","gateway/node_modules/statuses"
"string_decoder","1.1.1","MIT","MIT","LICENSE","gateway/node_modules/lazystream/node_modules/string_decoder"
"string_decoder","1.3.0","MIT","MIT","LICENSE","gateway/node_modules/string_decoder"
"string-width","1.0.2","MIT","MIT","license","gateway/node_modules/cli-truncate/node_modules/string-width"
"string-width","2.1.1","MIT","MIT","license","gateway/node_modules/log-update/node_modules/string-width"
"string-width","4.2.3","MIT","MIT","license","gateway/node_modules/string-width-cjs"
"string-width","5.1.2","MIT","MIT","license","gateway/node_modules/string-width"
"string-width","7.2.0","MIT","MIT","license","gateway/node_modules/cliui/node_modules/string-width"
"string-width","8.2.2","MIT","MIT","license","gateway/node_modules/yargs/node_modules/string-width"
"strip-ansi","3.0.1","MIT","MIT","license","gateway/node_modules/listr-update-renderer/node_modules/strip-ansi"
"strip-ansi","4.0.0","MIT","MIT","license","gateway/node_modules/log-update/node_modules/strip-ansi"
"strip-ansi","6.0.1","MIT","MIT","license","gateway/node_modules/string-width-cjs/node_modules/strip-ansi"
"strip-ansi","7.2.0","MIT","MIT","license","gateway/node_modules/strip-ansi"
"strip-bom-string","1.0.0","MIT","MIT","LICENSE","gateway/node_modules/strip-bom-string"
"strtok3","10.3.5","MIT","MIT","LICENSE.txt","gateway/node_modules/strtok3"
"supports-color","2.0.0","MIT","MIT","license","gateway/node_modules/listr-update-renderer/node_modules/supports-color"
"supports-color","5.5.0","MIT","MIT","license","gateway/node_modules/listr-verbose-renderer/node_modules/supports-color"
"supports-color","7.2.0","MIT","MIT","license","gateway/node_modules/supports-color"
"symbol-observable","1.2.0","MIT","MIT","license","gateway/node_modules/symbol-observable"
"tar-stream","2.2.0","MIT","MIT","LICENSE","gateway/node_modules/tar-stream"
"tiptap-markdown","0.9.0","MIT","MIT","LICENSE","gateway/node_modules/tiptap-markdown"
"tmp","0.2.7","MIT","MIT","LICENSE","gateway/node_modules/tmp"
"to-regex-range","5.0.1","MIT","MIT","LICENSE","gateway/node_modules/to-regex-range"
"toidentifier","1.0.1","MIT","MIT","LICENSE","gateway/node_modules/toidentifier"
"token-types","6.1.2","MIT","MIT","LICENSE.txt","gateway/node_modules/token-types"
"tr46","0.0.3","MIT","MIT","","gateway/node_modules/tr46"
"traverse","0.3.9","MIT/X11","MIT/X11","LICENSE","gateway/node_modules/traverse"
"trough","2.2.0","MIT","MIT","license","gateway/node_modules/trough"
"tslib","1.14.1","0BSD","0BSD","LICENSE.txt","gateway/node_modules/rxjs/node_modules/tslib"
"tslib","2.8.1","0BSD","0BSD","LICENSE.txt","gateway/node_modules/tslib"
"type-is","2.1.0","MIT","MIT","LICENSE","gateway/node_modules/type-is"
"typed-query-selector","2.12.2","MIT","MIT","LICENSE","gateway/node_modules/typed-query-selector"
"uc.micro","2.1.0","MIT","MIT","LICENSE.txt","gateway/node_modules/uc.micro"
"uint8array-extras","1.5.0","MIT","MIT","license","gateway/node_modules/uint8array-extras"
"unified","11.0.5","MIT","MIT","license","gateway/node_modules/unified"
"unist-util-is","6.0.1","MIT","MIT","license","gateway/node_modules/unist-util-is"
"unist-util-stringify-position","4.0.0","MIT","MIT","license","gateway/node_modules/unist-util-stringify-position"
"unist-util-visit","5.1.0","MIT","MIT","license","gateway/node_modules/unist-util-visit"
"unist-util-visit-parents","6.0.2","MIT","MIT","license","gateway/node_modules/unist-util-visit-parents"
"unpdf","1.8.1","MIT","MIT","LICENSE","gateway/node_modules/unpdf"
"unpipe","1.0.0","MIT","MIT","LICENSE","gateway/node_modules/unpipe"
"unzipper","0.10.14","MIT","MIT","LICENSE","gateway/node_modules/unzipper"
"util-deprecate","1.0.2","MIT","MIT","LICENSE","gateway/node_modules/util-deprecate"
"uuid","11.1.1","MIT","MIT","LICENSE.md","gateway/node_modules/uuid"
"vary","1.1.2","MIT","MIT","LICENSE","gateway/node_modules/vary"
"vfile","6.0.3","MIT","MIT","license","gateway/node_modules/vfile"
"vfile-message","4.0.3","MIT","MIT","license","gateway/node_modules/vfile-message"
"w3c-keyname","2.2.8","MIT","MIT","LICENSE","gateway/node_modules/w3c-keyname"
"webdriver-bidi-protocol","0.4.2","Apache-2.0","Apache-2.0","LICENSE","gateway/node_modules/webdriver-bidi-protocol"
"webidl-conversions","3.0.1","BSD-2-Clause","BSD-2-Clause","LICENSE.md","gateway/node_modules/webidl-conversions"
"whatwg-url","5.0.0","MIT","MIT","LICENSE.txt","gateway/node_modules/whatwg-url"
"which","2.0.2","ISC","ISC","LICENSE","gateway/node_modules/which"
"wrap-ansi","3.0.1","MIT","MIT","license","gateway/node_modules/log-update/node_modules/wrap-ansi"
"wrap-ansi","7.0.0","MIT","MIT","license","gateway/node_modules/wrap-ansi-cjs"
"wrap-ansi","8.1.0","MIT","MIT","license","gateway/node_modules/wrap-ansi"
"wrap-ansi","9.0.2","MIT","MIT","license","gateway/node_modules/cliui/node_modules/wrap-ansi"
"wrappy","1.0.2","ISC","ISC","LICENSE","gateway/node_modules/wrappy"
"ws","8.21.3","MIT","MIT","LICENSE","gateway/node_modules/ws"
"wsl-utils","0.1.0","MIT","MIT","license","gateway/node_modules/wsl-utils"
"xmlchars","2.2.0","MIT","MIT","LICENSE","gateway/node_modules/xmlchars"
"y18n","5.0.8","ISC","ISC","LICENSE","gateway/node_modules/y18n"
"yargs","18.1.0","MIT","MIT","LICENSE","gateway/node_modules/yargs"
"yargs-parser","22.0.0","ISC","ISC","LICENSE.txt","gateway/node_modules/yargs-parser"
"zip-stream","4.1.1","MIT","MIT","LICENSE","gateway/node_modules/zip-stream"
"zod","3.25.76","MIT","MIT","LICENSE","gateway/node_modules/chromium-bidi/node_modules/zod"
"zod","4.4.3","MIT","MIT","LICENSE","gateway/node_modules/zod"
"zod-to-json-schema","3.25.2","ISC","ISC","LICENSE","gateway/node_modules/zod-to-json-schema"
"zwitch","2.0.4","MIT","MIT","license","gateway/node_modules/zwitch"
